{
  "title": "HistoricParis",
  "sentiment": {
    "positive": 0.038015996952961345,
    "negative": 0.0259556274995239,
    "neutral": 0.9360298990668444,
    "compound": 0.0389219577223386
  },
  "style_metrics": {
    "flesch_reading_ease": 68.81,
    "flesch_kincaid_grade": 8.5,
    "avg_sentence_length": 15.899828604075415,
    "avg_word_length": 4.46936160019164,
    "lexical_diversity": 0.0872799137621272,
    "total_words": 83490,
    "total_sentences": 5251,
    "unique_words": 7287
  },
  "word_frequencies": {
    "ancient": 487,
    "century": 407,
    "site": 337,
    "h\u00f4tel": 316,
    "days": 309,
    "built": 297,
    "paris": 231,
    "name": 230,
    "years": 226,
    "louis": 216,
    "church": 213,
    "houses": 198,
    "house": 195,
    "first": 193,
    "street": 192,
    "time": 192,
    "known": 173,
    "modern": 165,
    "fine": 160,
    "place": 160,
    "boulevard": 160,
    "streets": 151,
    "convent": 148,
    "many": 147,
    "part": 147,
    "lived": 147,
    "dates": 145,
    "great": 141,
    "later": 140,
    "chapel": 138,
    "avenue": 134,
    "find": 127,
    "work": 114,
    "till": 113,
    "died": 112,
    "made": 111,
    "vestiges": 111,
    "walls": 107,
    "revolution": 106,
    "along": 105,
    "famous": 105,
    "still": 104,
    "past": 103,
    "interesting": 101,
    "side": 96,
    "napol\u00e9on": 95,
    "palace": 94,
    "stood": 93,
    "arrondissement": 92,
    "eighteenth": 89
  }
}