{
  "title": "NineteenthTwentiethCentury",
  "sentiment": {
    "positive": 0.06193388174807199,
    "negative": 0.02216051413881748,
    "neutral": 0.9159014910025707,
    "compound": 0.16724647814910026
  },
  "style_metrics": {
    "flesch_reading_ease": 47.52,
    "flesch_kincaid_grade": 12.5,
    "avg_sentence_length": 27.039074550128536,
    "avg_word_length": 4.992907531706946,
    "lexical_diversity": 0.053294289897510984,
    "total_words": 262955,
    "total_sentences": 9725,
    "unique_words": 14014
  },
  "word_frequencies": {
    "house": 1048,
    "work": 857,
    "built": 784,
    "building": 696,
    "also": 663,
    "even": 639,
    "architecture": 629,
    "much": 606,
    "first": 583,
    "rather": 565,
    "years": 560,
    "footnote": 546,
    "london": 543,
    "paris": 518,
    "later": 502,
    "early": 495,
    "architects": 489,
    "plate": 489,
    "century": 487,
    "church": 483,
    "however": 479,
    "gothic": 456,
    "earlier": 418,
    "houses": 412,
    "buildings": 410,
    "chapter": 408,
    "almost": 405,
    "period": 397,
    "illustration": 373,
    "less": 365,
    "like": 365,
    "architectural": 355,
    "design": 350,
    "english": 349,
    "great": 335,
    "still": 334,
    "french": 326,
    "england": 323,
    "street": 317,
    "architect": 314,
    "designed": 311,
    "york": 302,
    "second": 300,
    "romantic": 289,
    "high": 287,
    "quite": 280,
    "mode": 278,
    "well": 276,
    "wright": 270,
    "world": 269
  }
}