{
  "title": "PalaceAndPark",
  "sentiment": {
    "positive": 0.07425514375255483,
    "negative": 0.04710675841395286,
    "neutral": 0.8786378253168007,
    "compound": 0.11830771222237361
  },
  "style_metrics": {
    "flesch_reading_ease": 60.14,
    "flesch_kincaid_grade": 9.7,
    "avg_sentence_length": 17.210042240087205,
    "avg_word_length": 4.734443349207669,
    "lexical_diversity": 0.07129199672220704,
    "total_words": 252609,
    "total_sentences": 14678,
    "unique_words": 18009
  },
  "word_frequencies": {
    "great": 719,
    "died": 535,
    "born": 518,
    "court": 445,
    "upon": 434,
    "first": 398,
    "aged": 390,
    "also": 339,
    "time": 338,
    "life": 327,
    "many": 324,
    "found": 319,
    "works": 297,
    "side": 286,
    "france": 283,
    "rome": 281,
    "palace": 274,
    "marble": 253,
    "years": 249,
    "work": 241,
    "still": 231,
    "part": 230,
    "king": 227,
    "called": 227,
    "made": 226,
    "house": 223,
    "name": 217,
    "country": 215,
    "feet": 211,
    "roman": 196,
    "left": 194,
    "large": 191,
    "well": 190,
    "general": 187,
    "england": 187,
    "statue": 186,
    "bust": 182,
    "style": 179,
    "world": 177,
    "much": 177,
    "head": 173,
    "beautiful": 173,
    "death": 171,
    "paris": 168,
    "order": 167,
    "however": 164,
    "french": 161,
    "form": 161,
    "without": 160,
    "whose": 159
  }
}